timestamp,pond_id,OD_mg_L,Temp_C,pH,Conductivity_uScm,PAR_umol_m2s,Ammonia_mg_L,Nitrite_mg_L,Turbidity_NTU,Chlorophyll_ug_L,AirPressure_hPa,Wind_m_s,Rain_mm,Flow_m3_h,Lirio_Coverage_pct,Aerator_Status
01/08/25 0:00,Pond_C,7.149014246,26.140495933867516,7.523561455810857,496.93605654757806,0,0.6162881268667413,0.13836436567006705,18.677425793446947,33.99133497956793,1012.8715298560653,0.20941501334002233,0,105.59577061510467,10.072724627403288,1
01/08/25 0:05,Pond_A,7.024151397154547,25.776213771946082,7.583653784277925,498.33514873071834,0,0.6673473857485325,0.21190918383975615,9.980688177966233,36.38402447230986,1013.1740682044252,0.30343987789194693,0,91.86469650633764,10.198241856945337,1
01/08/25 0:10,Pond_A,7.325284934583978,26.071023972119445,7.365272757719372,501.9766318169349,114.93708245296051,0.5681021558703707,0.1088267008814074,23.17709015104613,31.54177657509729,1015.5452926466158,1.5145078577142597,0,98.98621744,8.636464293665504,0
01/08/25 0:15,Pond_C,7.652670232322049,26.016022282694195,7.634064610572464,502.49322075143084,99.74042299,0.42031680520441533,0.10253416019409013,13.803708025732638,30.12599180029643,1006.2593319980462,2.366149268842842,0,95.07227271757063,10.826124116674764,1
01/08/25 0:20,Pond_C,7.189454035648668,26.055152205476034,7.560087234545552,504.3872655115689,31.249394227895294,0.5899687951752641,0.11902901970561337,20.299663151331643,31.725318172020124,1011.1798991157041,0.19800387418018772,0,126.33537940031604,11.040309337744146,0
01/08/25 0:25,Pond_A,7.252277897806007,26.861779801798335,7.491244615106506,511.41914140125635,194.6781776642386,0.4848643106208171,0.10484101085828623,21.386884689790957,32.59536262834784,1013.6338510768384,1.6002158590786955,0,105.31744883125658,9.325065862509913,1
01/08/25 0:30,Pond_B,7.857711053038009,26.702421235597605,7.602571698556759,500.75691614665436,147.53430560843304,0.4971383318250243,0.15999709509710253,26.803292979193255,30.34224034675673,1016.6002368692806,1.579001714786063,0,101.8676205484824,9.043090656226243,1
01/08/25 0:35,Pond_B,7.673950256612832,26.264142339245172,7.772864071046102,497.9236504618095,98.58231007931235,0.6086364018755093,0.03918447,13.455898004404439,34.73725696580865,1011.5242926574814,3.1106702225667586,0,104.72663056076713,9.773659835014682,0
01/08/25 0:40,Pond_C,7.360736815850233,27.146788079073158,7.570460736,495.2919675761534,6.217683236874592,0.6738283071433635,0.067315879,5,31.76992525,1007.3703418818744,1.691982550629709,0,113.79162588197498,10.111461147030319,1
01/08/25 0:45,Pond_A,7.720043611420952,26.936694862036873,7.583550441249926,498.8072749889765,262.0834683,0.5521271576736062,0.066609854,20.919247723768475,32.46786627866622,1014.8591343378984,2.3063911877927428,0,99.16619855561534,9.834339458590913,0
01/08/25 0:50,Pond_B,7.471543765021783,27.27515783265825,7.519218418038884,502.5695780488651,94.38840914475256,0.5808833012598964,0.1675153795986788,29.002555907554267,32.96642803007702,1011.0939128335231,2.113005712069971,0,94.10090702134244,10.04853658204969,1
01/08/25 0:55,Pond_B,7.521510826,27.26880651,7.486564969936885,511.98120802102073,97.90815328552993,0.7202214944635238,0.20553066862909627,26.19473176469719,32.63951150138067,1009.4310000227289,0.2955468161542394,0,108.44283228097417,10.34187553420969,0
01/08/25 1:00,Pond_A,7.7816278660738645,26.624302686801638,7.660943596074125,500.69347788011424,247.59608133113665,0.5740753179488568,0.11477753907312643,21.048297076373128,33.635493754935645,1011.1269638308603,2.6145657733053898,0,98.25055433998688,8.763071742470107,1
01/08/25 1:05,Pond_A,7.179807141801953,26.843019908769637,7.498624899574223,504.67349150573386,334.72110827721167,0.8101683114180395,0.11155891384049947,17.541819071839765,30.883853095928867,1012.4464239270325,2.1723172043650303,0,89.30104670919496,8.888987269055448,1
01/08/25 1:10,Pond_B,7.277817521519517,27.5805292,7.5976728033004965,503.74534816146104,298.1875672538377,0.6065509645631544,0.12350260815565908,24.035612983186553,31.161931581139317,1011.1857660063854,2.4066149117396716,0,87.35313568243942,7.430946688654931,1
01/08/25 1:15,Pond_A,7.664678937437577,27.595261072279776,7.548989950790716,510.0422252502413,273.38238489783225,0.3739237240844182,0.17809391513040954,15.132269001477656,30.237787965843015,1006.3833018287028,5,0,115.29296550839533,11.106710456865935,1
01/08/25 1:20,Pond_A,7.563994684689499,27.36220039541376,7.650846822004326,517.0075944287198,291.10827009196345,0.6253341621104532,0.073632343,22.381788846781095,33.476002941897136,1015.6911985906614,0.33270964840112915,0,101.31644566919285,10.190332261041483,1
01/08/25 1:25,Pond_C,7.992854870874392,27.513232268842277,7.642458853817787,501.9911308582393,320.19363747567036,0.5881158384882778,0.13191844913673928,22.527350795833133,34.313077403237195,1016.8246251238362,3.3797573198088866,0,94.10432616007598,11.233895544643877,1
01/08/25 1:30,Pond_C,7.653035387,28.17462128143738,7.718938156941527,502.4706807767645,331.58834258880114,0.6789752754082745,0.1687598814891215,25.30104954,33.828211260080856,1014.9545659740185,1.7700419844797155,0,97.65665088957937,9.059244698,0
01/08/25 1:35,Pond_A,7.5246228962644635,27.32048734075919,7.570218837752808,510.4109383242969,323.7853535003647,0.6173181351269958,0.14505470849699226,33.79830019455539,36.41832629161537,1009.5869429887256,2.2298631235224073,0,108.07444718008351,10.232327370734678,1
01/08/25 1:40,Pond_C,8.406790870693523,27.96953129915778,7.600211202113619,508.8716918642293,330.98259516213307,0.5361544016016226,0.12947908082993717,21.962079835893835,33.21399781124951,1012.3955253981575,1.9635902037590063,0,97.06594484157955,10.433682877739207,1
01/08/25 1:45,Pond_C,7.913975429850894,27.67378302525089,7.535239579781857,514.9677078986002,338.65060695973034,0.4275701763710634,0.17005230462835708,17.455181871462507,34.717652095270054,1012.9804360543117,1.660610933281565,0,85.50580270822581,9.668009168,1
01/08/25 1:50,Pond_B,8.012345700202411,27.744084849550244,7.594540082829678,508.9255772810756,320.04880497348836,0.5290976742713974,0.01,19.87212843904003,31.350834696928118,1014.7963831686857,1.544133657408993,0,103.25840852147925,8.687298055,0
01/08/25 1:55,Pond_B,7.570763786283673,28.479471928642134,7.682486312003126,504.48106107491265,359.6371861589063,0.464947955,0.1538937659765454,11.15462047555441,32.91315190375022,1015.0050214661543,2.2636069884584074,1,112.08347817573564,11.997530225677956,0
01/08/25 2:00,Pond_B,7.836670204950954,28.419024701016887,7.726172601153751,509.50219281115005,304.9022313887334,0.49194765501952775,0.087296216,16.52643434455471,35.23054759898946,1010.7974786036646,0.7862610426626566,2,111.4146431797225,11.661874060984921,0
01/08/25 2:05,Pond_C,8.030746608,28.488342804724457,7.563902566586547,512.3636375,400.46554671817245,0.6088578404420609,0.028468355,17.95358780943448,35.68876198546398,1013.2459866692407,2.6004633340174124,0,94.40670061862755,9.891589019598046,0
01/08/25 2:10,Pond_B,7.645355442083164,28.80860121161365,7.748650227613303,511.1935271713284,371.7368554680008,0.7169904504351406,0.14556012997624904,17.379558010327038,33.552633722078745,1014.3718412138458,1.6670444760917968,0,112.69172656458379,10.794678197149203,1
01/08/25 2:15,Pond_B,8.092274871444069,28.23960431419703,7.802746465384044,509.8982706579537,381.7203633057744,0.5894671529822981,0.1886829272581479,20.76177436016861,34.14626269881416,1017.3674669664402,1.0959445287677139,0,102.12949973671623,9.810587772943993,0
01/08/25 2:20,Pond_C,7.784061888,28.642251126521963,7.7139390883879555,512.9658376588895,461.5756054504625,0.4304116937964816,0.11312757426861542,15.887900338088997,31.40145088530798,1015.1135196194741,1.639989713603349,0,112.41147343878727,9.310901328,0
01/08/25 2:25,Pond_A,7.857275504671357,28.21721058235945,7.865605378,513.7492772383101,537.8078524058475,0.594460267,0.16764372736014693,25.605153336622358,33.86968091529397,1015.3671700621265,3.0057193734900585,0,105.73687030002554,12.14449144939856,0
01/08/25 2:30,Pond_B,7.740727839493915,28.604359467706306,7.605791801949299,515.0836925850281,529.6943076362562,0.6696631486645651,0.20061391289943228,20.001035324590987,36.509810837862254,1013.2514798837881,1.5717319303870214,0,84.78403157,8.672784556,1
01/08/25 2:35,Pond_B,8.449407053,28.44596658976736,7.5638623884401985,511.68630058926885,420.7662197583409,0.4890217095680618,0.18574572267920236,19.953498394306926,36.02348481935693,1017.2313774356105,2.2867628945676963,0,117.46738937508346,10.053571660849158,0
01/08/25 2:40,Pond_C,7.858304437173157,28.62709446426482,7.515522711242206,507.8767613653724,465.2627903199205,0.5365982833327082,0.20199822646856966,18.36052641743541,36.01712275906961,1014.2292883878785,1.4152349794276213,0,100.51783851198954,10.43431948020871,1
01/08/25 2:45,Pond_C,7.509951833254348,28.942497520057685,7.847973357,509.7152598329254,577.1740267804229,0.5514688194729197,0.1571063745535946,20.775953419294897,35.256702997288535,1010.4167362694793,2.6063374799388956,0,105.76793823913818,12.012150849315836,0
01/08/25 2:50,Pond_C,8.035372896342428,28.30086356577054,7.768684608689452,515.2833068170969,496.33884676854206,0.471510169,0.12377168194507965,24.125491323338174,35.31125591342204,1017.2101099103755,2.5484061910321634,0,86.55955371528157,11.268419812710981,0
01/08/25 2:55,Pond_B,7.380300126620656,29.819923641011698,7.702471283146627,505.43487710329725,549.4939503,0.6148280433843859,0.039901709,15.664348921445498,34.11503322106532,1015.0937098176171,3.478887066637129,0,105.05326500078066,8.71049649,0
01/08/25 3:00,Pond_B,7.763936934978474,28.333148047666366,7.7407086180131985,511.63143031434663,603.4234175299141,0.5379051851392218,0.10769687559350258,16.709417554623716,36.97041282385669,1011.6708679366145,1.8595488436006276,0,111.0292773274266,10.390909294402217,0
01/08/25 3:05,Pond_A,7.065077519127029,28.29012988758729,7.604742909818749,508.0895848148951,542.6297874557911,0.5919532443907027,0.07783767,18.481369856116675,36.550279979315306,1011.5615210978023,2.5349238438063253,0,119.35320336598404,10.425631118295179,1
01/08/25 3:10,Pond_B,7.203407774683865,29.535958538925442,7.966342930624839,510.4679168580706,611.3711634987126,0.461250782,0.2285471358748907,13.270645382633926,36.82641096633535,1013.8897266354223,2.0784540316311557,0,114.00399794795283,10.187142030069435,1
01/08/25 3:15,Pond_C,7.607211736,29.410996207778634,7.739059483,516.9840567,554.3838678651557,0.5062541699676589,0.11120570937838317,15.903710701392512,34.92276770152312,1014.3895543858027,3.0366974254904116,0,105.54224703946039,11.046196926993305,0
01/08/25 3:20,Pond_B,7.713619458283092,29.384041455365413,7.741338095,511.81458000558416,605.9250960172238,0.6222381357827771,0.1261602403392243,17.618895632276704,31.79900488891273,1013.5918767968936,1.4249340899130156,0,84.55622646651614,9.028186302,0
01/08/25 3:25,Pond_C,7.4852942234745505,29.44149868450426,7.807126107130278,511.3582294385964,666.8147053834641,0.5127166847908233,0.1475742688020234,24.37194590356364,38.429203442094725,1013.9339260203286,2.596004250301825,0,101.32272790497422,10.039560631980496,0
01/08/25 3:30,Pond_A,7.339122587124297,29.17504809867025,7.786688784555699,504.5933947402573,585.9300701238561,0.7226963851233406,0.12218012231862269,21.312806645009626,35.40474951124879,1018.0998721237291,1.8442421631066546,0,94.07490435,10.937916459163866,0
01/08/25 3:35,Pond_B,7.221807383382292,28.784865220299853,7.764900332881121,515.3902307506779,702.2778916337201,0.5100363814385398,0.20475255202153766,20.967949556837723,34.76268403436972,1016.2146294567046,1.9486494583132017,0,102.34977874816246,11.149572362148799,1
01/08/25 3:40,Pond_B,6.805557362891269,29.322165896063527,7.667272325727969,515.1523220529327,693.8651542,0.5724684725751886,0.088867532,24.25448981083986,37.999255342176056,1013.571906773795,2.0734019875586984,0,87.83674167204902,10.630312863901125,0
01/08/25 3:45,Pond_C,6.969061977172691,28.99487992908342,7.797156395,523.0067557754593,736.9811743442599,0.6432590831873091,0.12973037276186214,19.313141058003016,35.95055156486097,1015.8239317423024,2.201792317141342,0,97.89833092208099,10.203395598635257,0
01/08/25 3:50,Pond_A,6.981927096,29.86862019773289,7.941781974474305,510.9168068253098,734.9770202,0.4081634267066968,0.082876471,21.952324249644448,38.97491334394458,1009.9024282894173,1.9070167655024335,1,94.82816916193931,10.38273857677707,0
01/08/25 3:55,Pond_C,7.371840926130357,29.353510751821283,7.891569962808425,513.8162923643334,806.3262479253958,0.3739191188019224,0.053998874438964714,19.48389123533752,38.20766813477151,1014.1937811498404,2.171770546536421,0,94.51833644030754,11.253976614968925,0
01/08/25 4:00,Pond_A,7.092139389604331,29.05862748476305,7.919671868900887,514.2319208218372,758.6299225784733,0.3974343685429905,0.089411545,21.326811746998143,38.45753049,1018.4279190491993,3.2624944460497476,0,94.61763814008846,10.55835746,0
01/08/25 4:05,Pond_A,6.394538700554685,29.353356082817275,7.712432107630164,521.1363415086504,745.0577421144029,0.6762584103427183,0.11814816014757941,17.08620671194209,34.47330451,1012.3458623138229,2.7883597484921747,0,98.64145283611755,9.493493794929108,1
01/08/25 4:10,Pond_C,6.955402865511607,29.76150347939056,7.667667349393098,513.0362732733289,786.7103701731659,0.49481418541075534,0.098534889,7.805914208617855,39.741985520514774,1010.4570982141428,2.6953236739975175,0,102.86194759048021,9.312725857664871,0
01/08/25 4:15,Pond_A,6.677991461007174,29.31246040798125,7.756995509318778,515.1711296099165,821.7343408766721,0.8058199285668253,0.085378951,19.32860418906848,37.95150731761056,1011.0437333342209,1.6355683791809035,0,75.01506412128549,9.067465503,1
01/08/25 4:20,Pond_B,6.526668381,29.220774774234037,7.777963864130163,517.0783629094342,810.8911815299673,0.49357524013426113,0.049684127,27.113740680499703,36.79935787350051,1009.7311008879728,1.2886073374173406,0,76.23567143662136,12.023560556499424,0
01/08/25 4:25,Pond_A,6.850642053359262,29.78955021849147,7.884497147803009,515.2343638163823,824.2596323889691,0.5684551303197037,0.11584472136856527,24.631077011207964,37.931562814702374,1010.6457142756169,2.764240446590202,1,96.61308660078124,11.386315664507546,0
01/08/25 4:30,Pond_A,6.915268516616137,29.824253723949774,7.608386319908174,512.3311595661328,800.8138131274058,0.7042109952567877,0.044763981,24.826987422955852,34.19712816100539,1011.8884757042299,2.7008374340238355,0,98.02230955294385,10.483237262227664,0
01/08/25 4:35,Pond_A,6.825881266,29.480588535573606,7.933009541190499,515.7953507916051,816.3515416553972,0.7506092888159124,0.15800279818448015,26.18065360903109,38.66962775851729,1008.7832989424641,3.1781365406007858,0,101.8911121660394,10.14680115,1
01/08/25 4:40,Pond_B,6.237216063586098,29.529041039109085,7.7665412245359695,520.4541886790586,792.8477267379461,0.7561503576636398,0.12412198764672516,20.443287954807186,35.89418569637012,1013.0468550018488,1.5168154992246163,0,92.72327645143775,10.037529238945579,0
01/08/25 4:45,Pond_B,6.340905229,29.90928099533902,7.741806095004773,510.2141306275462,963.8348277118107,0.6708366230593142,0.047122425026753484,20.986578537027977,35.34605066381463,1015.706832,1.8163610757117223,0,100.09465194022681,11.71555903531801,0
01/08/25 4:50,Pond_B,6.480177631817203,29.096091703735844,7.685299603060321,516.2717729736883,827.4358234765023,0.6524062525811463,0.10453954614750684,16.91174052282825,35.102964786609355,1010.2767314595592,0.6884126699796527,0,101.26523205018054,12.53761513402448,1
01/08/25 4:55,Pond_B,6.623261819726542,29.14144896650563,7.622902896840467,512.3660704952068,868.1501241402966,0.6092526949201184,0.08239218,18.41963571986475,40.46715527370984,1017.5578517709253,1.6860231151513017,0,92.65441903134528,10.03864536527808,0
01/08/25 5:00,Pond_B,6.139532173440412,29.509162849442014,7.872445930401309,522.1011823891622,879.9332460198226,0.6278361076166638,0.13595872552095903,23.07885574885571,37.07512517471311,1014.5323762655828,2.797256408463558,0,110.13455821741101,11.793307386424557,1
01/08/25 5:05,Pond_B,6.183363418,29.78301149676169,7.799061927165161,508.7688063362689,973.5483152530213,0.49488142836714666,0.18702252230115723,26.019422185844082,41.490734125542566,1016.0917417568721,1.6268036966174417,0,101.7698631145506,10.693755218878522,1
01/08/25 5:10,Pond_B,5.866218480459345,30.064674741711443,7.664195481944327,513.8484324282921,926.8918099420988,0.4681801116577693,0.026241376517712772,19.302768621595003,37.43903166570971,1011.0264963384436,2.512383836160659,0,105.4696109546329,10.464160620542753,1
01/08/25 5:15,Pond_C,5.801772586643849,30.664511388462195,7.665004618792694,518.7869032957477,1016.7507671235264,0.5496625542589048,0.12575130395737086,17.749053675742942,35.18098015468611,1015.5635756811998,1.847597515201751,0,100.68845731283852,12.19164783741007,0
01/08/25 5:20,Pond_C,6.370527295354455,30.371393406418473,7.7621137996822975,524.9857600511197,933.2991494509804,0.5329815377475071,0.11199336022166799,20.002639794282988,36.445391328000944,1009.724198298814,2.2592456225772484,0,121.0367310306172,10.688108543183727,0
01/08/25 5:25,Pond_A,6.503541932729712,29.87643509938147,7.963632479856178,517.0861706054536,993.4175425476321,0.5046771950672725,0.1535670038225233,23.006033744645574,41.23046793866133,1015.6707425025095,1.081846888147466,0,105.96397069117654,11.005476065788795,1
01/08/25 5:30,Pond_C,6.048862454611704,29.958840851232793,7.771667037,514.8951846125677,950.0772750892227,0.6196387447456715,0.13065983141188448,12.78072591933229,38.52509150975332,1013.5155180193806,2.068167559707121,0,95.12006683792775,10.968219523372479,0
01/08/25 5:35,Pond_A,6.3493291132329315,29.477126960299096,7.648065078,527.3326985814199,1111.3600340039195,0.6455305208570511,0.082401533,8.519095234,37.81597407595824,1014.6597536599544,0.3929087767205788,0,108.2096688,9.105176737121878,1
01/08/25 5:40,Pond_B,6.138667701,29.97727104552803,7.7744152646057225,510.94203771276733,956.8602943187532,0.5588406886291848,0.1040473032166691,17.247315752542082,39.30584316266366,1009.4732161831255,1.850483073470412,0,83.62395082543328,11.030014263301856,1
01/08/25 5:45,Pond_B,5.8227305284790205,29.848423649130773,7.772184115669546,507.4427267603947,1043.7471218890514,0.6977530081055262,0.080198707,13.896437870429207,40.06020771415778,1010.3147904731702,0.6956214050278877,0,101.19600262667105,10.18973454654172,1
01/08/25 5:50,Pond_B,6.115016591892849,30.158424004372286,7.5300911900210865,520.8909258423051,1071.8375952349677,0.4358310885866495,0.17380035692992993,17.459299011763445,41.35983379657042,1014.7916846547602,2.964795613237453,0,103.1916029009199,9.342093281,1
01/08/25 5:55,Pond_B,6.462623920691491,29.58584534209799,7.7945300743887795,516.4341196271411,1072.6067395881466,0.5306340540720282,0.12106558243359712,19.26109840591264,42.087968501045204,1010.1549559873274,2.621925882211609,0,101.31020762078698,10.256925532616144,1
01/08/25 6:00,Pond_C,5.989386984798477,30.25961334635462,7.776902053671685,514.0911963,1054.2943939621966,0.4783177679397195,0.2150595342876504,17.733757954884933,38.53488880441035,1014.3896188762974,2.3733367855728646,0,96.66221129161113,10.259486225415989,1
01/08/25 6:05,Pond_B,6.472761193363145,30.76487177708275,7.869508310524951,522.9915372618881,1068.582298,0.36334633829269397,0.11696695930926897,27.262337672353727,36.66329185,1008.8985865806193,3.2168049817275044,0,89.87726643162985,11.825566354365955,0
01/08/25 6:10,Pond_C,5.224975377682281,29.94076812276477,7.984531724269025,520.9205705754885,1088.6496463418896,0.5417319314157301,0.084579662,21.63372382,38.546906661273255,1015.544523,1.2408667833401301,0,92.10652987949038,9.742699106,1
01/08/25 6:15,Pond_B,6.269265511584457,30.190735187043433,7.911897452404323,517.1323956662048,1090.364532379871,0.5378252491616716,0.04431428,21.502371798054142,39.95032063714076,1009.3024300556945,3.3978905583324464,0,101.02074916247383,10.027442323934794,1
01/08/25 6:20,Pond_A,6.064818907047974,30.32777022864152,7.771813498403464,513.8018909463594,1157.0326191555232,0.701344974,0.029843016187202753,23.11103572021701,37.55562221422928,1014.6568998130385,2.745753251408308,0,88.86480767572007,11.063475147543265,0
01/08/25 6:25,Pond_A,5.969157746880678,29.772998123095782,7.687368036053735,524.8157184999677,1230.3559824975116,0.6130811684554778,0.040793203,14.305834411096154,37.61966209075922,1014.876892800938,1.8107557702248431,0,117.70167615647273,9.513086270738313,0
01/08/25 6:30,Pond_C,6.110601579774272,30.07466030214463,8.054532034917942,523.9538439768288,1102.8122335485464,0.44758131756707953,0.13335633255057416,25.195558937101342,40.26979324701272,1010.9096845447112,2.9084961177463553,0,73.59102320656294,10.190662418313433,1
01/08/25 6:35,Pond_B,5.514969887556545,29.956016808996143,7.8021508890468425,520.4557448351635,1072.9181845883281,0.7354092566334188,0.1454362511614967,19.62117857,39.530583044774595,1014.7460797012542,1.1149651900706927,0,96.76562132455396,9.195977503310719,1
01/08/25 6:40,Pond_C,6.077338573005659,29.983772229832184,7.796512992733128,530.4329675873978,1147.5789776471886,0.6721033695525354,0.040940465,23.352403086206063,39.736556390993755,1013.7813267900007,1.3403886707778612,0,101.10389639107697,11.791246636701059,1
01/08/25 6:45,Pond_A,6.286067867211857,29.531756971833733,7.791457131,516.0968821810206,1291.4252609030202,0.6082097703468616,0.16475191570380576,14.640713834799222,38.19443915865063,1011.3834744314217,1.5131282214082398,0,105.07420927833289,10.580648818589104,0
01/08/25 6:50,Pond_B,6.661536730954424,29.911966735856765,7.812286849731333,514.0665611012543,1132.5634953035585,0.5273515901150168,0.095846947,12.231206169919679,39.28847769,1009.9743359477714,1.576817833548788,0,90.84075272737573,10.87686662899094,0
01/08/25 6:55,Pond_C,6.105293158974053,30.128291571605804,7.776510890756336,518.4808776920194,1264.8699743394109,0.454056076,0.1273396505992775,24.089448290125144,37.93603378902934,1007.1121229249823,1.1547538857917976,0,111.34294793888212,11.819563049747059,0
01/08/25 7:00,Pond_A,6.064019418339801,30.582585785710084,7.731909847947919,521.9580618115705,1276.824347613962,0.5127793223928947,0.20061103141277123,21.882047630487584,41.59748002221812,1014.0489501418991,2.978466454,0,86.06168956187076,10.192047771652897,0
01/08/25 7:05,Pond_C,6.204823766482523,30.312522406607787,7.73278063,523.6475984019997,1175.1421289228706,0.6588748619704186,0.1648419657932766,15.489742228212448,41.91751837428979,1008.3055916859138,1.7929164797041346,0,94.33871411392433,10.613089189807512,0
01/08/25 7:10,Pond_C,6.681534645146577,30.883514253294482,7.782243899818804,521.4689582019083,1241.0088062253012,0.7384586305934608,0.10657346760470839,15.651684593626527,36.18192579703693,1013.2860325983239,2.2820039746855034,0,106.20747555279424,9.879503309,1
01/08/25 7:15,Pond_B,6.559659880888782,29.395460736993332,7.729092611769425,524.6789735671074,1303.572305013198,0.704324353,0.075440389,25.627173922073847,38.039899574607695,1012.2096553517532,1.5437189068690556,0,110.40188564792751,9.888078210895753,1
01/08/25 7:20,Pond_C,6.358551063207752,30.18569511176826,7.709930531237878,516.903871,1212.6424693131255,0.5011150578213726,0.012409229933534757,14.05294053566336,36.92781387778019,1015.0374283263146,0.5435173595611862,0,85.95998703618902,10.036745125098788,0
01/08/25 7:25,Pond_A,6.729984577790816,29.809809038525962,7.789503375443449,530.6225689012826,1230.7186499065597,0.43803825667109886,0.084042334,28.213364766279817,38.64010101374042,1012.0938635015304,2.216045886713138,0,126.45036790415159,10.47557912713409,1
01/08/25 7:30,Pond_B,6.665481121,30.779860759259773,7.750874225206735,523.2344666621506,1220.9637486173713,0.5640886246911204,0.10944348805861528,15.496896326760655,39.78986964238419,1012.0116566409587,0.47019601966417834,0,91.02508436832791,10.594010842825144,0
01/08/25 7:35,Pond_B,6.988872898564673,29.245865323228625,7.924150383801234,529.4724700835537,1208.3103026632816,0.3731560634437148,0.070641024,23.191959628041914,37.07136757244034,1015.1956121128649,1.945092763131625,1,86.87817522472217,11.278170695634023,1
01/08/25 7:40,Pond_A,6.550886048892245,29.19345938227575,7.505902041913159,525.8396705149953,1235.433746880706,0.5823167714184782,0.11343715164538477,18.356907621255075,38.138162795226485,1014.0051740872524,0.9053479689337516,0,105.02714891773257,10.10904902170026,0
01/08/25 7:45,Pond_B,6.727454320681536,29.275198068653296,7.877267764545395,526.64914,1215.398175434034,0.5352397413701331,0.12384259414793841,23.015937155411716,37.982501040698054,1013.9484678715484,3.5898207993846465,0,96.51706546418544,11.330621276520064,0
01/08/25 7:50,Pond_A,6.773122865738396,28.472807284095758,7.889715155218562,527.4528106153845,1286.8439643775932,0.5033963498131758,0.10875720090959608,17.279429989429037,40.41079046025155,1014.4078027694255,2.7290901777397774,0,95.03947687460256,11.506707677447968,0
01/08/25 7:55,Pond_C,6.517174241235843,29.23004429461484,7.554630112168327,527.0803803,1255.0317453388723,0.39052969327332043,0.087499871,19.18603546963853,40.13808957089946,1008.3932836303787,2.0846030330171845,0,105.9564405756972,10.564597091507386,1
01/08/25 8:00,Pond_B,7.110726966083466,29.069848087601294,7.724437321970326,528.2925703808737,1313.4553267742765,0.6013600106569716,0.1284327335983364,20.204595876978605,38.55637511641058,1015.2703660399609,3.0109653421237352,0,84.72704309572191,10.238402642083445,0
01/08/25 8:05,Pond_B,7.165775227641001,29.47945072996383,7.718174951154849,531.9610870927274,1232.0508947355258,0.49672991603380884,0.14209703247847044,14.989062721092637,40.35124540337157,1014.8374063820409,1.3229472180274113,0,82.97865600025298,11.138909187069473,1
01/08/25 8:10,Pond_A,7.154183321211612,29.52833969241638,7.611058458367803,526.5335398208629,1334.3123879771365,0.4330083164289712,0.065480046,23.704121727100627,38.89930164133357,1009.9499506142705,2.4347835029360745,0,94.02576634856771,10.86161058179436,0
01/08/25 8:15,Pond_A,7.146805553297148,30.247145867372417,7.670397864823247,529.3307969025757,1367.2096279244445,0.26277377867183505,0.1905466189873135,17.433932167642073,39.44171578896705,1012.2677585789774,2.1598483469749707,0,110.77901739453326,11.295572661647729,0
01/08/25 8:20,Pond_A,6.856166384601906,29.73428518271108,7.633372910224772,525.5711713626156,1233.452374966208,0.5472485094949364,0.11507059338578692,18.857000423299908,43.32160249558197,1012.8820781371171,2.211216065066936,0,94.45944706587217,12.655774902808432,0
01/08/25 8:25,Pond_A,7.216969201,28.919072281524183,7.915791352544017,533.4537281961508,1359.2882252581187,0.7272251596669744,0.12094248114724239,15.028253126957438,42.64260361446085,1012.5965096467949,3.017882800085414,0,115.99156684528614,11.165227944530907,1
01/08/25 8:30,Pond_A,7.301253903836245,28.705230355171707,7.830150666128187,523.1036865,1409.2544562673784,0.716125921,0.15541072116282786,7.1883317060234475,37.34681663268981,1014.0015798997056,2.585993682223842,0,112.0101476117189,10.468037508558725,1
01/08/25 8:35,Pond_C,7.222548182024478,29.345799036474062,7.859643468303477,535.7220626195787,1294.513062827742,0.5042903743413728,0.13166080656317508,19.044861186999157,41.587060170997084,1017.2941003454936,2.2309789302600187,0,102.82946184507485,10.227050324639075,1
01/08/25 8:40,Pond_A,7.472011283181231,28.38363895,7.800448873117779,526.7474828472344,1445.5854838483554,0.48977879396382196,0.16765683169566226,32.063077108064576,41.52932826208174,1016.2453001830185,0.6760900510173631,0,103.39723859374757,10.276404813859562,0
01/08/25 8:45,Pond_A,7.696533917262982,29.901942269375027,7.611060789361866,520.0245019894708,1389.7063751831272,0.5968774256075023,0.1343562082600912,23.92302143949012,37.58627766029825,1009.0633424197058,1.231962963776429,0,102.82002625016855,9.676501237404567,1
01/08/25 8:50,Pond_B,8.193615299600959,29.516959080257433,7.667090899864282,528.0481903355131,1340.1393869916476,0.45016145608117086,0.089378131,19.903698101328025,41.49396427455338,1014.8662099709181,1.9018328531234208,0,101.5971773,12.08266679183306,1
01/08/25 8:55,Pond_A,7.729866821,28.632274394771652,7.763952122684592,524.2308797272834,1379.0712808612157,0.5801791899819466,0.13807517626030508,18.68554585395866,42.903220353620675,1016.9867999586062,2.074697899421321,0,96.33758302521821,8.927294491669654,1
01/08/25 9:00,Pond_C,7.801571165712119,27.94854416136275,7.588170576,532.0669976622017,1416.0802600243649,0.626608028,0.06281369,20.11232946406023,37.55056504691484,1014.1604255620676,1.095837020260861,0,97.49812166792837,11.659322693804116,1
01/08/25 9:05,Pond_C,7.745661611979984,29.418952417423238,7.776951060292779,524.8274672531477,1398.102032941915,0.6726933223884308,0.12542798528882615,22.73559557587605,37.92630631944025,1016.2729412755579,3.929341340462737,0,89.30039843407418,10.313792920972396,0
01/08/25 9:10,Pond_A,7.232741736920978,28.62033695101436,7.676787975707237,526.0856357516909,1427.2103458445067,0.5399845923520047,0.11833850046777697,14.095935923455777,41.75966061523104,1019.0368113371023,3.213115244202858,0,77.89957210709821,10.680084900098624,1
01/08/25 9:15,Pond_B,7.837310920121239,29.230822381150574,7.658411486132328,519.0939668,1360.0418678740025,0.5296326249823035,0.10959415713637302,25.571608473344362,40.227732409290105,1016.0711286383209,2.481694656313987,0,111.0407060928205,10.305130044801787,1
01/08/25 9:20,Pond_B,7.8965813138932495,27.747755939909055,7.761968729518317,526.5044014146856,1420.1781131711464,0.4622017413243439,0.11357312442805347,23.57690657720622,40.74548750501046,1013.7479257869252,2.0576294890269957,0,101.57258436785298,12.659604151223377,1
01/08/25 9:25,Pond_C,8.646943876749898,28.17711807893858,7.730186750429764,516.8699372414944,1346.48972,0.467311965,0.025907547725118052,23.59092862853967,40.27890699369225,1016.1352654222543,1.8302328240790786,0,100.06211355621787,11.240671081205088,0
01/08/25 9:30,Pond_B,7.875806741380455,28.41007620727267,7.64446246,521.2923522343201,1416.909706930141,0.5273521108098473,0.092563755,22.192378694048635,40.331726528067556,1013.4346634992907,1.2384652319822114,0,103.98449122857879,12.025344124321855,0
01/08/25 9:35,Pond_C,8.045497671,28.360439605022275,7.791204178446917,533.2355970569356,1382.400752128775,0.5867365506816178,0.12464224505705573,20.09808328846995,36.84742185092909,1013.0717091298549,2.061984415,0,91.71602545,12.54609665860349,1
01/08/25 9:40,Pond_A,7.962020237,28.040291497681565,7.5617929847465994,533.5833003014565,1395.7737058022012,0.641358463,0.12799281959987002,23.36430618,41.54247171,1011.9457572928588,2.2062020321142004,0,89.98937786615568,11.419573504902587,0
01/08/25 9:45,Pond_B,7.635037487418506,28.50403842705048,7.726039570260181,532.0014747432162,1499.1372813474643,0.4696821049319655,0.068616243,22.95907066870689,41.73193939836601,1017.6902400764964,1.0065915396147005,0,97.16315306321847,10.071136470245934,0
01/08/25 9:50,Pond_C,8.337444755009006,27.585041623774977,7.718224013681809,525.2582987520237,1496.5083261649288,0.6992688568959522,0.18328539204323505,18.22979644529488,38.87636882001187,1010.544714002174,2.267341133795918,0,113.68098481763812,11.056703629787497,0
01/08/25 9:55,Pond_B,8.224846090856843,27.972884975277793,7.622350959902734,530.0727138,1476.8371492250706,0.5228876398957432,0.076691258,17.131991135515495,39.18807061139322,1017.5971031740344,1.875792760940201,0,88.31258971506874,10.545678382982352,0
01/08/25 10:00,Pond_A,8.236935164258279,28.028465752993824,7.680237147509552,530.5104409478232,1396.0287217919579,0.5478632705651564,0.16847286002633685,20.509281476309933,36.15018322651589,1014.4995923712211,0.47375395369808704,0,73.72934643191834,10.794996078441041,1
01/08/25 10:05,Pond_A,7.722858322,28.14883722135845,7.516759978,524.9528988007369,1438.914237258914,0.47527883208521765,0.14135971809358425,27.74510075747594,40.175797865613255,1008.8020814755942,1.3116919913763985,0,94.78598908181247,11.21444406791427,0
01/08/25 10:10,Pond_B,8.408268445432142,28.169818518339643,7.728453532867831,538.4770614,1519.3055372305646,0.3075759739727058,0.087688635,13.804464621730496,40.223827313471425,1014.1029478789743,1.6691155732626846,0,111.42699916235183,11.185473564512698,1
01/08/25 10:15,Pond_B,7.554372593,27.173213910551297,7.6116749080909685,535.5613015,1469.4777139547307,0.63840454,0.2087655446304756,12.66237367,38.88530664502557,1006.6999204770451,3.510150125872152,0,82.67455975645646,11.742293388853662,1
01/08/25 10:20,Pond_B,8.134278876531377,26.88916996159503,7.571944726470309,530.2831555927418,1581.9243365912496,0.6236843897092433,0.060318158,20.823804206182583,41.185942698179275,1014.8765240504931,2.445242499627007,0,88.19716396177128,11.898037167440432,0
01/08/25 10:25,Pond_A,8.594520386094974,28.214963771479848,7.723110324623484,531.7349518,1489.0140908802684,0.5218672442881787,0.16595770868050008,20.25443850928009,38.19421939907095,1015.655694448967,0.9316147447200869,0,102.63546740578168,11.217129917259909,1
01/08/25 10:30,Pond_B,7.615342718937344,27.66142529335287,7.541710752497955,532.8540361560657,1482.164935819784,0.5566990717224872,0.17002911590214892,20.86670832185204,39.91433436089663,1011.2229321330439,2.388829032,0,125.69907035475335,11.765279755013053,1
01/08/25 10:35,Pond_B,7.7137994676818336,27.03945131140442,7.465180963839846,521.8140943542458,1460.1444944990378,0.6015939217704099,0.08646899,21.219765989542502,36.66617407171837,1013.3706430878667,0.7621568088493076,0,86.41788331473805,10.822980198364352,1
01/08/25 10:40,Pond_C,7.880958868707725,28.10701932093326,7.444195333,530.9965691095028,1485.1383932956626,0.39374541431134574,0.18962326500321647,18.883988726825976,38.57643174419689,1018.8624723012508,2.8661528431096586,0,86.03065908532041,12.697642517841661,0
01/08/25 10:45,Pond_A,7.6637256196696555,27.306391285382745,7.6542425427522875,529.0312565722909,1473.5217364079404,0.49709473226537054,0.10749767427005237,27.449317193010412,38.19053598148658,1011.4827598872142,1.6231002785456972,0,103.38698368839185,10.827867415089928,0
01/08/25 10:50,Pond_A,7.309760833360364,27.754714803142747,7.459337030583684,527.6408277650735,1519.057070470624,0.6294264679621827,0.13443468146399284,11.995480107617421,38.90326667164192,1009.8232772388302,1.9250910490086632,0,112.04674439993704,12.601074520707584,1
01/08/25 10:55,Pond_B,7.752378647416006,27.11477931552615,7.756555923810019,531.4501983412498,1533.8153888045128,0.42457105768307507,0.13301609193856104,15.857514876098769,37.624724524134685,1017.4449902073878,3.060637318033752,0,93.75901288,9.938323548436301,0
01/08/25 11:00,Pond_C,7.366812943467302,28.02682980244698,7.366541247212077,542.0499202,1448.8313851686542,0.579355793,0.11328456292647261,19.483726199254765,38.00970592806785,1018.8877615715924,0.970269145,0,83.78605843877831,11.044479207927695,0
01/08/25 11:05,Pond_C,7.778320171517116,27.78908445683415,7.738001689499945,536.4704993146133,1423.5414869616234,0.4143418195376595,0.1605404136579891,11.784055944229163,39.83138795055019,1013.0110870155436,0.882305452,0,104.33749220886347,11.104397287557974,0
01/08/25 11:10,Pond_B,7.308410056764836,26.701453345232185,7.583046903180641,530.6141909715944,1400.0865973265852,0.5966429982433527,0.15967443602761067,19.120727977839643,37.21020254063048,1016.034389106225,1.533120538923196,0,106.14841397302973,11.724849372183199,1
01/08/25 11:15,Pond_C,7.994693281121832,27.225846434241593,7.545833260720292,536.5357981,1518.9114036403644,0.5464358517702517,0.032573401,28.30735082864009,34.77283490326508,1017.0244277465927,2.830703080815453,0,117.78655126538249,12.318149567107367,0
01/08/25 11:20,Pond_A,7.237928463381398,26.97651978517981,7.494545477098148,540.871451,1439.7795247628922,0.38848681840944904,0.18521701214390762,20.10443244147981,41.38526203552556,1010.7725473023849,0.7845231396185259,0,106.56947112324279,10.217405767267286,0
01/08/25 11:25,Pond_C,7.317438307,27.25160508,7.582460309027256,538.6986171469212,1388.5602176001107,0.6664739354457172,0.036875400598216285,21.153504528593416,40.54698147057077,1011.5440824938964,0.26572447848845515,0,108.2806607637238,10.369279104533865,0
01/08/25 11:30,Pond_B,7.597478810131577,25.998013178065616,7.532272148,534.5733547288576,1516.7112934481142,0.4765408423201951,0.17162731021708288,13.699176174137099,35.09542847688711,1016.6926235394642,1.639072913272801,0,97.37854856132094,10.085808174783105,1
01/08/25 11:35,Pond_A,6.922007257847524,26.736455969147663,7.639837456137785,531.2392464,1622.8305497440892,0.4689747562985619,0.17633525684137918,16.918192959802614,38.95317956921113,1018.0550428361255,2.4413926399287362,0,124.41504342169468,12.818347405187811,1
01/08/25 11:40,Pond_A,7.296091489284378,26.835409254770777,7.5343875407171526,538.1627416,1498.5957259992208,0.5700569197230942,0.065451678,18.124018098380315,36.45958267501694,1014.688642580523,2.9602093997910632,0,96.01857989,11.806207935773084,0
01/08/25 11:45,Pond_B,7.555600779,25.33944728984717,7.531441453625592,536.8357081051993,1541.3629089406302,0.6648637349428715,0.099459286,18.41142451621883,37.88226224848414,1010.3605569394938,1.6294709103316807,0,93.88077879,10.434664338965376,1
01/08/25 11:50,Pond_C,6.616112589418743,25.539702926397084,7.473488692483363,539.5398589,1503.889273130185,0.4484178181021603,0.064714767,26.408218975018844,37.83150874297988,1018.9611833350983,1.670858714307198,1,118.09514918518607,11.086365947371046,0
01/08/25 11:55,Pond_B,7.088223203242186,25.02416830018478,7.497589266807756,538.4343131256857,1495.0330508032055,0.5561679849847971,0.10925394848556325,22.78845530362562,36.66006487259005,1011.4070873065641,2.923120587404598,0,85.25762721,12.721640160384311,1
01/08/25 12:00,Pond_C,7.045131792592035,25.821512193712888,7.527496347709343,540.6997228067994,1545.931357612151,0.5928816500330573,0.10459828579071294,14.44271021531484,35.445247233597684,1011.9945866564857,0.5042066402436634,0,81.52591615472085,11.2721701,0
01/08/25 12:05,Pond_C,7.136189301746083,26.22743894516801,7.3191332470295904,532.9682263083106,1485.284077993374,0.6193105607263144,0.158983027,21.232523892160025,35.51370395523286,1014.0270135034689,1.6891833798535925,0,101.19556924598484,11.223504322504219,0
01/08/25 12:10,Pond_B,6.465456834139767,26.532361492989285,7.348770180310024,542.4227480884717,1512.8079859216432,0.5676441555277225,0.1855154373059804,22.491108742483924,34.94255093750571,1017.6624812621443,2.152339111940046,0,99.98263476724304,10.789791405891842,1
01/08/25 12:15,Pond_B,6.376009507171581,25.730850378863906,7.5513616335513225,537.0140777035014,1514.984161886016,0.5132972160916678,0.1897841905394978,25.700745192606334,34.98961258519477,1015.5619279296567,2.3593749770280272,0,97.72112018449337,10.55648392129248,1
01/08/25 12:20,Pond_C,6.865315916907361,26.420877533637203,7.487579276,546.5916067878908,1464.7760511902973,0.46724097793512803,0.091891599,27.902703432841868,36.395428982810905,1014.2445965010858,1.592154645447294,0,109.93929757121651,12.775180588138639,1
01/08/25 12:25,Pond_B,6.735671757049282,24.82947436253689,7.445566048238057,532.9575012357877,1546.8844806983923,0.5586143883046375,0.10953890631277362,14.924529040860657,34.97303376105192,1014.3898655903544,2.027552809364673,0,90.91793818,13.276131279457074,1
01/08/25 12:30,Pond_C,6.661091093363053,24.581019479095094,7.459296696,545.2703067645361,1487.4567594129644,0.4427860988014393,0.03582809,15.94571244394831,37.641699423803246,1013.1305440059303,0.009338117,0,100.64167125624674,10.627400521666454,0
01/08/25 12:35,Pond_C,6.631030011766826,25.318394340164453,7.485720784757125,537.7659930064233,1457.1605970969435,0.25786495165053924,0.079706497,13.71211070542692,39.12343676001176,1014.6744185435555,1.4734012701329213,0,96.39894047361813,13.027894758450733,1
01/08/25 12:40,Pond_C,6.2662796239098855,25.451971765705242,7.390519460061733,533.7041987591203,1520.3373294732573,0.5936559804157668,0.16824258165487288,18.829900704465093,34.858529410793864,1005.4113197669171,2.362806970043574,0,91.08781499893249,11.145912739119156,1
01/08/25 12:45,Pond_B,6.485438782113326,25.15771720648123,7.360224370999389,534.7256021054426,1446.9734668921983,0.6403934841086195,0.20077914117741158,22.331791872231673,36.36551375631358,1012.1101776227906,1.2141647725962563,0,99.38159916039316,12.177292048747727,0
01/08/25 12:50,Pond_B,6.451679299663045,24.05486491436751,7.451228472838827,535.7259245396265,1491.5121925079686,0.31370675644581614,0.058282556406003896,24.93667258294551,36.75255682279207,1013.7239658047504,2.047187377271678,1,108.52595803295102,13.06419187838837,1
01/08/25 12:55,Pond_B,6.100190517006958,24.958984140237618,7.327428534238048,539.6300024531081,1487.6749083618415,0.44902692952900625,0.090376787,19.620244881787386,36.56212197177048,1009.5469577491415,2.3574980006421584,0,121.20568120430502,11.519227570761368,0
01/08/25 13:00,Pond_B,6.827922598,24.26674517492648,7.459748769959865,540.3037382001421,1540.2750512563625,0.6119154261005197,0.11867971215205365,18.40076238372578,35.63344418802401,1014.1589699534347,1.725960639313788,0,105.79418982898969,11.34668036229296,1
01/08/25 13:05,Pond_A,6.367190013593334,25.169770063304185,7.242361673742904,535.0003197739109,1507.3865482801923,0.7557495469711699,0.13400805794098036,20.758789961243703,36.828836927724375,1012.3865863370416,2.1363710167972565,1,74.89164998598548,12.486013336194699,0
01/08/25 13:10,Pond_A,5.827840634934692,24.93474515481211,7.509274016114841,537.9251714909378,1479.8938802897103,0.5520793707675408,0.079519824,15.824285491849885,36.16846787217166,1018.2664270949465,1.229813948,0,99.61859914558352,10.585281549552402,0
01/08/25 13:15,Pond_C,6.345902623408718,24.198616773664323,7.447401498253404,548.9352811931486,1519.349663016563,0.47719970587708654,0.1412030522232045,30.447693608473866,32.58774004375845,1017.7190591756446,1.8347109762431626,0,100.49802790902832,12.852589653570938,1
01/08/25 13:20,Pond_C,5.823906712369139,24.329371961648956,7.419575879955185,547.0374851859953,1545.1106951600286,0.531710356,0.096308033,11.961694864409706,36.65910697162324,1011.6025832926455,2.488172935671378,0,109.3620900957995,11.858623382937374,1
01/08/25 13:25,Pond_C,6.3236217646461865,23.97512495169245,7.486123976842321,540.7560773394673,1500.4529953128756,0.6874876419148185,0.11927738645608604,20.923702894478623,36.551779859656115,1012.5474868652999,2.1255783687747476,0,101.84810302489738,11.148340973429221,0
01/08/25 13:30,Pond_B,6.410194975350242,24.39253509083282,7.548338042406463,538.9380105248512,1469.8658299027188,0.48540358208754647,0.147314212,30.118031096148197,33.10574141955248,1012.7781573031748,1.5307749843488516,0,112.53088917302077,11.132193096421778,0
01/08/25 13:35,Pond_C,5.795573556103192,24.821344113287775,7.477219978,539.5205231995402,1400.3660479746568,0.47008079933497465,0.12032111349054689,20.033999222799988,34.56205590197248,1011.6450215715212,2.1793731234326343,0,103.91670615615271,10.363159083910089,0
01/08/25 13:40,Pond_A,6.314084926591473,23.771602020361996,7.185747455131568,542.1591639870536,1409.136185118967,0.5017256477817967,0.098180705,19.049804824992528,35.70549537679773,1013.5850749520844,2.5716878325092942,0,115.58798069497888,11.220701953782724,0
01/08/25 13:45,Pond_C,6.136404125929638,24.43801217846372,7.235991472,534.1476478517876,1443.389417013872,0.45466713917412876,0.11451950980370847,18.212772885947864,33.771697191653345,1010.7251537933372,0.3600469771380175,0,95.61254079951706,11.503080462608972,1
01/08/25 13:50,Pond_A,6.250943489801856,23.843253386484708,7.295646806905752,538.1435884484569,1424.2590496356897,0.5622670315994795,0.11558185203973324,19.09804159118796,36.18663868347479,1009.6081539951874,2.9272592519647183,0,101.44343467296694,10.716060327518282,0
01/08/25 13:55,Pond_C,6.569412314650819,23.63524564673095,7.354985259735742,531.2552300691154,1441.2957948763146,0.712467846,0.10149944850589362,26.864242373382652,38.617695994316996,1014.8681336717008,1.7309962090551423,0,108.26641535389896,11.742115999098797,0
01/08/25 14:00,Pond_B,5.927117384148328,23.90241010223428,7.398460298212779,541.7607591766978,1449.212739424567,0.582307927,0.10706019686664489,8.940690443352466,32.16619865313773,1014.8885887526654,2.340391946592184,0,94.27805929706557,12.270716608105733,1
01/08/25 14:05,Pond_B,5.779281240038253,23.36352700032404,7.268511730799682,543.1659252222258,1468.4274578530517,0.5247646497873713,0.19993235852523586,27.667168506481627,30.82329344053585,1010.587053,2.957797538916182,0,92.09987197918925,11.594537319311469,0
01/08/25 14:10,Pond_B,5.747504772407977,23.53056188644968,7.354230666881953,537.6781190554456,1433.8076836839882,0.5208188731084455,0.14804597239706194,12.880214237749275,34.03926517219934,1015.6860662922878,0.9026610422156272,0,93.70647900313315,12.480936548004125,0
01/08/25 14:15,Pond_B,5.782823146355965,23.13573682028439,7.254562389258079,548.1268899939587,1456.8752851229995,0.39368091913033426,0.10522598409854199,18.666738353827927,34.720073182289845,1011.105266812504,1.4324471980579627,0,92.50784382911078,11.021263290229458,1
01/08/25 14:20,Pond_A,6.021836018554642,24.645413258318293,7.263577021590312,534.2898267605229,1430.8198549425204,0.6383109777147159,0.15484772022553678,17.853777898506692,32.65965217290125,1013.759495714114,1.769161043299436,0,105.22561920875327,12.841969825851049,0
01/08/25 14:25,Pond_A,6.168830561630201,23.610177418572288,7.178774813509159,533.2572688162192,1323.6976816798826,0.5422162802987198,0.1033090255121995,22.94276635,35.87150149206477,1015.4610320378374,1.3729971831004573,0,81.65191970365444,11.970576743717068,1
01/08/25 14:30,Pond_A,6.1750359967946915,23.173331655588242,7.2219162561077495,541.8606748880255,1370.2086747230712,0.5319520086409374,0.17865623187933208,12.009378240581263,30.130564472723815,1012.8991623058888,3.387949260669447,0,84.44029973682093,13.404185323129493,0
01/08/25 14:35,Pond_C,6.369642723799864,23.562020186060874,7.173958806740399,546.1319595513967,1404.5056941832615,0.8693107567844861,0.1384821096099047,22.310863330409713,34.03565226802984,1014.3642227364234,1.3145823249385657,0,118.62746492357263,14.283302671442577,1
01/08/25 14:40,Pond_B,6.158635484807367,23.33192174999074,7.206519107814978,549.4729336693727,1345.5908103859156,0.5798752908365686,0.11463489279978856,30.121548116434262,31.279417958497188,1011.4507110683373,1.5555625764105068,0,92.74903279025823,11.40899001444403,1
01/08/25 14:45,Pond_A,6.6276871216365025,23.211908326592724,7.404543664137734,538.9144713043053,1430.2689827219986,0.4748208949904816,0.14238584629051387,13.184129977035948,35.77054839652297,1012.4106002497157,2.1635112252823814,0,102.00014851171748,11.46030897046445,0
01/08/25 14:50,Pond_B,6.152607563318777,23.56506711968118,7.199408893841265,546.7566597642125,1470.8393049884792,0.5073642403794457,0.041456192,20.94853083805198,36.156847639433174,1012.382421707359,1.0382803791391289,0,85.10853582100872,11.653260910514838,1
01/08/25 14:55,Pond_B,7.091744701481596,23.573642429115463,7.5528548495406245,541.3238371757956,1449.1020069831447,0.6648445709196755,0.063661627,16.690089111016956,30.477942599739684,1010.7602649603792,1.683455430594989,0,100.94124267789276,12.50532636,1
01/08/25 15:00,Pond_A,6.510206727482681,22.86788720537073,7.334317123526288,540.8051233107894,1371.1875911975906,0.5613270410537764,0.06030375,22.12943603096518,30.751038125093878,1012.4696775106527,2.253962609,0,92.80993332318596,13.245706012404044,1
01/08/25 15:05,Pond_A,6.115093203837315,22.784851859780872,7.298940685877228,546.2371915964403,1449.9262866220656,0.40617220216826333,0.12714715473818533,20.09573888707876,33.40772600422373,1008.3541451034088,1.733711676493991,0,84.36910501839586,11.277030285152689,0
01/08/25 15:10,Pond_A,6.103413590363044,22.876261264976325,7.190198255,545.2298856986646,1376.1887975749305,0.6419228934575203,0.2066257499742546,16.79256545477845,30.75223154260972,1011.5265387585737,1.9252905128800413,0,113.36920437564713,12.321176513725199,0
01/08/25 15:15,Pond_C,6.624344728,22,7.341749321227442,534.2344327436266,1345.102565950568,0.4831855914461006,0.23156500730963162,22.43936142435537,31.273201486368027,1012.145373519891,1.5765343100413034,0,111.82565727060872,11.814089137470349,0
01/08/25 15:20,Pond_B,6.469729801611279,22.142565018179912,7.209948258572162,549.6459558864298,1324.3249805852554,0.7373297776217546,0.15190255507203787,29.021740548933714,31.251964111973987,1012.2314607425138,0.7884237526553863,1,98.92645209285983,12.57820036376787,0
01/08/25 15:25,Pond_B,6.810131889,23.528999442876376,7.275618154651095,549.3093055,1332.7475223193073,0.6580048065714649,0.14504222374722286,19.045481041363505,27.198680475395008,1012.2755076623877,2.2572745690713907,0,109.99419032677912,13.479614394070932,1
01/08/25 15:30,Pond_C,6.798808489273104,23.61495974739525,7.515444145625225,539.4253595,1321.1765558386787,0.5052678104341248,0.029947113292363062,23.59878971074091,30.846910967681882,1012.8147074004196,3.4039464573177933,0,119.03292687727159,11.739884459958628,1
01/08/25 15:35,Pond_C,6.697373718985906,22.616408716603754,7.2459635152561805,544.6752401536482,1341.6599682135552,0.6781016361735113,0.09286631,13.533635210644182,29.331454801379536,1014.4383245542582,2.0147213046267507,0,107.54075933158089,10.320391536541653,1
01/08/25 15:40,Pond_C,6.528780191269784,22.97921803376341,7.366747799046232,545.3081439635681,1333.5618788964914,0.5567855510527403,0.080610812,15.217818115909957,29.56079693784728,1015.6235512223976,2.1802112937980396,0,104.79679739509963,12.74419784686315,1
01/08/25 15:45,Pond_C,6.392896548375365,22.798163372743968,7.1778727296478255,544.2818491784797,1317.9206773740843,0.635277368,0.08895762,22.362031389401885,33.27029134383798,1011.0507043194552,2.5541782040934877,0,101.9894969648331,11.177618330982716,1
01/08/25 15:50,Pond_B,6.778586868392857,24.135186567501894,7.241182113195875,540.3661544604997,1331.6925855330248,0.5984732817294475,0.11159280907076052,27.420580142679825,27.70589504108244,1009.3903974338326,0.9845356027626406,0,106.49497364859239,11.877225557007604,1
01/08/25 15:55,Pond_A,7.235028755332946,23.110373037339144,7.418373982,539.8974716637787,1361.2983449240562,0.46536433450091264,0.096395471,21.77806674,31.681141679575614,1009.8738667632707,3.3620117265036846,0,96.36080606510363,12.817380191990349,1
01/08/25 16:00,Pond_C,7.107999397563581,22.4431194,7.175334158812082,543.2644306845341,1341.0081136638705,0.4856450167682538,0.021035009,18.434709847384227,29.33261316667431,1011.5383912364152,2.1618630371382417,0,97.23364130838553,12.337742538593988,0
01/08/25 16:05,Pond_C,6.735523054708357,22,7.416138219830893,549.3911588418099,1210.8948925421369,0.6529960817581162,0.15739551280587671,19.99645702711677,29.166855921523418,1011.9442360465505,3.3054855192712873,0,104.50891375212515,11.948616210330062,0
01/08/25 16:10,Pond_B,7.226201313094486,22,7.302658114,546.3795233411623,1148.8991320270493,0.5165224667893459,0.066362849,13.747961330151412,31.143031048858216,1010.6900118014076,1.4135736035808084,0,95.2613513,11.484433247247257,1
01/08/25 16:15,Pond_C,7.354093236863196,22.48841151456747,7.172754299658113,541.9411518328068,1314.6136196959699,0.5096351536758004,0.1319623432055575,23.022576631776833,30.078418848451424,1009.1116500072503,3.454449538,0,96.34200327206497,9.170390028428555,1
01/08/25 16:20,Pond_C,7.036563367734851,22,7.289489688962588,547.7841060987888,1190.7042042771538,0.4544877420650647,0.22370413348749868,24.411665311617046,30.37573346607411,1011.6316375175775,2.6201243952278266,0,100.00186664634974,12.778563550853825,1
01/08/25 16:25,Pond_C,7.409759676080628,22,7.320883498013853,529.8129727,1238.8095242201694,0.5923599065593461,0.07403077,17.73954834,31.00727437649755,1013.5442798603419,2.442432068681887,0,111.5060755059307,11.837239991930167,0
01/08/25 16:30,Pond_B,7.441458267676988,22,7.283320643547461,549.9282678299938,1182.3920166087096,0.7562524919243145,0.01,17.649789261202493,28.24493635041381,1014.7850883975067,2.1872195634825182,0,88.67336246440352,13.61346690755014,1
01/08/25 16:35,Pond_C,7.1396297863129465,22,7.061762419,535.6133004112637,1141.4998344834992,0.4432467085745727,0.10569978890599446,21.329391148260243,27.520022225214916,1011.327730840675,1.8011771055404404,0,107.59178502705261,12.508087531538893,1
01/08/25 16:40,Pond_B,7.646301660113605,23.064436299098926,7.1438511935347115,542.6257671961437,1249.2256102670103,0.5524219456672758,0.17504798174992858,17.816401319797023,26.411475693816087,1011.7610065335697,2.960425326779098,0,107.9179641280347,11.578852888181105,1
01/08/25 16:45,Pond_C,7.761321348074513,22.633896853936022,7.1897289096044465,538.9643938715665,1250.5174102811698,0.6912220555415429,0.2179173727110297,19.669336926870887,26.76861908282575,1010.2199050734581,2.1122878958784375,0,107.8581200929681,13.196756947447893,1
01/08/25 16:50,Pond_A,7.969564493394698,22.16312668577651,7.205090132572606,538.2127725135869,1173.9960209719343,0.5420358608754285,0.058522520277379156,30.49860894583258,34.155718497226125,1012.9056824888756,0.42634423713027814,0,91.93253619790511,13.290914655112289,0
01/08/25 16:55,Pond_B,8.009573116402711,22.88295808763245,7.272791161119125,550.6124117849454,1063.3871923028942,0.5952371796249734,0.1448349611618261,18.76487149627002,30.585448069826896,1010.4547140974275,1.1062508306343979,0,83.07318384489062,11.930641569168499,1
01/08/25 17:00,Pond_C,7.325924965156723,22.15939172784073,7.226823168144595,542.5905275,1155.601911654583,0.44376064718531205,0.096734477,18.20829923989389,25.233012718904654,1014.7193834397236,1.8513233982458022,0,105.59700472411423,13.35319608035316,1
01/08/25 17:05,Pond_C,7.500483970493492,22,7.073987190474442,546.7809628037746,1192.3374239721722,0.5928307097207649,0.11470258228479323,16.762290971824203,25.12987474694972,1007.6424005241977,2.2479991865324442,0,101.87538784413962,11.614110640201742,0
01/08/25 17:10,Pond_B,7.975576484404264,22.843300174873363,7.2441501453184864,544.9319008976807,1088.494215581598,0.5312855734995451,0.25221716735085176,23.720959857499682,28.578751893991505,1011.9211109826426,1.9547292088800834,0,110.04376634763132,12.338923548058888,1
01/08/25 17:15,Pond_A,8.010895645916749,22.33452084128456,7.265938510986549,547.6684153,1161.161076053709,0.6485729995679863,0.044851484,19.093879133909486,28.55042144955319,1013.9033220175752,2.9751766318349304,0,92.99463171990462,12.760530804444567,0
01/08/25 17:20,Pond_B,8.043273744,22,7.259749999147711,545.7826716,1140.6428411086322,0.6687386051564751,0.13268698307472868,16.753134808392872,28.395217483581998,1013.5515035489675,0.4391185087691001,0,107.60118376256361,12.983740146632714,1
01/08/25 17:25,Pond_A,9.072746100382794,22,7.310882017962506,539.097592,1159.6513977789923,0.8089563642018613,0.14338465858827165,26.60652016136506,26.629824772772523,1020,2.114870349204128,0,110.54412112219411,12.830306017801709,0
01/08/25 17:30,Pond_B,8.112407201187512,22,7.285371588526988,550.6065149210632,1125.8088508386516,0.6079633173213576,0.17428931624696736,27.098015022568184,26.731885494042277,1014.0494000737037,0.5456166196902761,0,99.04690278950649,11.885942008771625,0
01/08/25 17:35,Pond_B,8.301964905477655,22,7.247215640463897,543.2676588520815,1060.185216,0.5825796316582167,0.12489915767354479,16.997882171306475,27.482424134338185,1009.9878362094739,2.6077698363873347,0,104.16929503264817,13.32210121671478,1
01/08/25 17:40,Pond_A,8.263505769,22.47320944777186,7.193742479404588,538.0634231660201,1157.543208,0.5694384301577335,0.1354025269752051,10.66730024319692,26.843177679656666,1012.7136072587327,1.9244330284463977,0,103.81966457524095,12.113769959153851,1
01/08/25 17:45,Pond_C,8.184518466482535,22.959560123241864,7.034267791873911,543.8142744014672,1078.532594091585,0.5146833707189311,0.10041757162891045,25.03756844918461,22.078414872341224,1007.6712609996007,2.3356879776192945,0,91.78530471,11.678952898830431,1
01/08/25 17:50,Pond_C,7.902051129988953,22,7.243074147869649,553.5657901113083,1073.7081058335048,0.5838483843461691,0.13345634706225537,16.57685087119998,25.9039793,1012.7582007521097,1.308893631528187,0,105.31096602284607,11.70341449835751,0
01/08/25 17:55,Pond_A,8.227555969616517,22.28154452911125,7.220773262023759,550.418861,1016.8953789524223,0.520459859,0.10284038622512948,23.953127995813844,24.50830898169855,1010.5008318289978,3.023571945326201,0,116.22498340901014,14.207502240595336,0
01/08/25 18:00,Pond_B,7.766939484887028,22,7.227198322678976,544.5288698079034,1029.7526721559962,0.5668460976269615,0.15107859449280253,10.149480911440822,26.41010943649054,1015.7461708266804,2.833379731247081,0,100.22203934542637,11.535280936573102,1
01/08/25 18:05,Pond_A,7.922356507737672,22,7.0725452881027255,544.6288340335126,995.9086154870176,0.681759754,0.10151948319781831,24.462986691496546,31.879831633493424,1011.3513791762134,2.466835442,0,85.39075061348342,13.578639192336464,1
01/08/25 18:10,Pond_C,7.838124480790711,22,7.092437873314861,544.8685501896229,1019.6087833815287,0.4493457434720359,0.13885501969510933,13.944140353596094,26.495006809516717,1012.6497022526142,1.8963862025092473,0,93.12773469,11.161265909361084,1
01/08/25 18:15,Pond_B,7.994385348311666,22,7.306325714318973,556.9606760260085,1101.8256392773455,0.6639878561129046,0.11853685931575109,23.653820595332622,24.984857019370097,1011.0933264757867,2.463885828236106,0,82.20570551148373,12.794355681896828,1
01/08/25 18:20,Pond_A,8.646128326,22.045869171354415,7.197665111417985,548.5854288018974,935.5075204686823,0.6817115067339865,0.1763025125386084,20.071365339182172,27.30857530571651,1018.216554,1.4344859456101209,0,112.90261129046064,12.613240265445654,1
01/08/25 18:25,Pond_B,7.369354951136672,22,7.270523898098452,548.9233770192168,911.1665578583734,0.5381931473008921,0.1174303138205757,15.230302903016776,26.284626598235157,1012.0362717016462,2.6844445272165696,0,107.64105296328094,13.947079169771643,1
01/08/25 18:30,Pond_C,8.109208132953889,22.178824048526735,7.206101510285807,552.0206021877582,1053.026350811122,0.33781451009914054,0.031348377,17.964818435366098,26.014980224282333,1018.4976711304377,3.319584715459137,0,94.98630728332182,11.681134723456744,0
01/08/25 18:35,Pond_C,7.38941569,22.032317350457966,7.207283344338265,548.1577428626848,956.5074968055806,0.48921780129055675,0.18309607503569958,23.431592284783505,26.245333692179862,1015.4424552863547,2.8564884479833488,0,85.81940078031063,11.41454553531822,1
01/08/25 18:40,Pond_A,7.6977858663951215,22,7.299315884598544,545.7617916698746,920.9100265568437,0.6796994546561109,0.074713385,20.52947226557617,29.002900335187984,1014.4462001820061,1.4163180241540725,0,91.66705042,12.238361269296393,0
01/08/25 18:45,Pond_A,8.128566206429058,22,7.155203955,546.1670488744501,993.6345282265034,0.5477131937701117,0.087311683,22.922064902362422,22.48759470556749,1014.1061994419525,2.2891338538184822,0,93.61723034302852,14.029324084651794,0
01/08/25 18:50,Pond_A,7.7802228947734955,22,7.217881947247777,546.8811751833966,898.5213194189561,0.4500697767705089,0.090216935,29.882202922577427,25.55760963,1014.1813918946488,0.9654867649930818,0,101.09407599020058,11.490003050384619,0
01/08/25 18:55,Pond_A,7.393392121827211,22.509310652844647,7.163643599124379,547.1420385907367,1007.1540949756292,0.4995225078771783,0.18872190465854088,12.178791941444743,22.62001013710536,1007.2169822619632,2.4579122489405405,0,100.75759343198379,9.795372794,0
01/08/25 19:00,Pond_C,7.454810605632178,22.405277740118283,7.168161813229725,551.0538480514374,936.6916775970551,0.6340620026504553,0.013216289301065234,28.08606287484312,25.44771470913154,1012.1633498175478,2.3604827302900313,0,113.41431975373703,12.45317373423832,0
01/08/25 19:05,Pond_B,7.823080722284271,22,7.182572747066798,547.7615599667928,865.2334148387813,0.6046733568201379,0.2768874266829997,20.521779687616064,22.364760202099973,1015.535473913553,0.5041469283742686,1,93.07245142301957,13.352533814209878,1
01/08/25 19:10,Pond_B,7.347221068840158,22.256410126054412,7.237719175163856,551.2497381928116,984.2214012157386,0.5261067900830305,0.1728028404533026,15.50607975838436,23.23440647114939,1012.8533084495776,1.0705729248701088,0,84.91812145646071,11.398798445670812,0
01/08/25 19:15,Pond_A,7.575956256321704,22.61113336976765,7.169783123439784,547.2662367022036,832.6922441777641,0.5133175588185312,0.131161946,13.348431871305051,23.347566061857812,1008.7844304595893,1.7734888826049864,0,88.43021524857708,13.270118470423398,0
01/08/25 19:20,Pond_A,7.467174321794946,22,7.345521103312914,548.1448493826368,886.6013561,0.5108241850956178,0.11725529996918568,19.054398046114834,25.75961946265076,1012.8427866482676,1.7593122022873389,0,99.76975145553499,11.395845621589883,1
01/08/25 19:25,Pond_B,7.198551235850905,22.569909657794557,7.132906486898394,537.8410934170398,850.8780265380678,0.4577589815501497,0.13427770374288284,24.60825056,25.51680436948736,1018.1123165487664,1.0324184516649557,0,92.71321933054209,12.294756725346353,0
01/08/25 19:30,Pond_A,7.976044060090601,22.00098150778156,7.2062348396279505,552.4927257930772,887.3171123,0.7115375689469442,0.14605612141896693,19.362254398112327,21.062074042686078,1016.7406751466042,2.311182983481747,0,97.07991454486974,13.203544529849863,1
01/08/25 19:35,Pond_B,7.460430725400679,22.653414362279324,7.183635521271289,549.7210851839462,886.5237378500248,0.517767953,0.15226077929750287,27.55577465123674,23.538728260863774,1012.813987971902,2.201178887,1,95.45966419680556,11.272932019683907,1
01/08/25 19:40,Pond_B,6.598941078870651,22.024047737345505,7.375123587,553.0548112204722,796.1696468781408,0.6717158520825497,0.14778022330017243,12.744121549742205,21.886823106399994,1015.8543478311742,1.8445846944171844,0,109.90238453705183,12.651434167420184,1
01/08/25 19:45,Pond_C,7.1977586197376615,22,7.2530276462322005,533.6581618,742.9246015042427,0.7021316051922452,0.12447903406276245,19.939555260769726,20.667900432177863,1011.9004789388958,1.3953667998733095,0,94.13034312907678,13.694405923682396,1
01/08/25 19:50,Pond_C,6.878013313405982,22,7.339630778673581,558.6545482965606,789.5266263176213,0.6498310898147961,0.1101330789846337,13.738032777934404,22.631640891228848,1007.8883852395198,2.838965701133251,0,96.22657923,12.96286620447852,0
01/08/25 19:55,Pond_A,7.266676097705077,22.55266639017139,7.091090756459355,547.5865184358233,718.4829289584724,0.5068379687281952,0.11243633581732443,21.81815941312484,22.331343599633204,1010.2266020356113,3.324325690470636,0,107.17283581158776,11.777793811422091,1
01/08/25 20:00,Pond_B,6.7075395202055095,22.70282180828839,7.2696770683939995,553.8957260845405,838.7885888030349,0.590373009,0.11025458598236595,24.43443695,27.68627742063104,1017.6886663055246,1.6131508129227703,0,94.35018088967924,14.026614010870388,0
01/08/25 20:05,Pond_B,6.845460340471015,22.16678135642378,7.335383554735543,543.2241793025664,730.6080800473397,0.5475804393609084,0.17668850484335324,17.896191031594732,23.585231585474276,1012.1780207545121,1.5102664662761434,0,104.23212374457017,13.175751939195624,1
01/08/25 20:10,Pond_C,6.966480944003036,22.985835444549213,7.258218840064582,551.5550248501013,691.0905990577969,0.4596298139269872,0.14967783611404312,6.978930717,19.85250724305301,1012.269848061875,2.392966132329597,0,103.3148526202176,10.66636313108855,1
01/08/25 20:15,Pond_C,7.010612598249541,22,7.360228266234035,543.2900713243855,704.0810594796917,0.5824359281721603,0.01,20.99474073398247,21.368617447438417,1012.1004854111753,1.713576496202411,0,101.4176585896108,13.400494338806189,0
01/08/25 20:20,Pond_C,6.327772585824191,22.733467694633575,7.205759224536756,545.5028436042411,612.8978402592153,0.43209602088401977,0.15279503882648804,22.183692758667547,24.433377700410254,1018.712409768719,1.8884822394694127,0,88.65603617,11.974303908790413,0
01/08/25 20:25,Pond_C,6.525832557406949,22.213320415025066,7.402346882636531,558.2549279632229,616.9990548749066,0.6687679388461564,0.12973680973593876,22.021473774808488,26.461993747520424,1017.8778767460861,2.591722521379737,0,112.29774224521937,12.751656944878016,1
01/08/25 20:30,Pond_B,6.423632667534156,22.546756016226798,7.495340367621516,547.7929836052745,710.8463040735586,0.5035382702701607,0.11906456217770514,26.17891095911077,19.009718550843782,1019.6563407003443,0.4725151299941657,0,122.20683796583114,13.57250039132279,0
01/08/25 20:35,Pond_B,6.311921745943418,22.951717788818872,7.233317527943084,549.8937241732425,603.1487642662146,0.570115966,0.1005740773455557,14.644731601754756,18.320521142021242,1012.5228643687999,3.0546418598821354,0,100.08828138267394,12.024282500857472,1
01/08/25 20:40,Pond_C,6.981482906865148,22.554628456560856,7.229312383300136,553.2156006398493,568.7395934769687,0.5783287871546142,0.17620563599930067,23.401080527252248,25.72312008,1013.8868734662412,2.0581444194634733,0,89.53645126629625,10.937672833663658,0
01/08/25 20:45,Pond_A,6.519630923934895,22.85081912570968,7.423570715048615,551.4009098276928,632.9350258,0.5241095026295922,0.16737632310614292,25.962537562389876,22.663399711288164,1008.4500723517376,1.6708054843502558,1,100.29102708325023,14.098176620535568,1
01/08/25 20:50,Pond_B,5.968756257408526,23.605922210626066,7.440665400024484,549.7303678227362,650.3322179321227,0.6086693801475275,0.081356117,11.107062079967417,20.052755493830603,1017.4308032783548,1.9286126766228409,0,109.89860140585999,13.76656845460712,1
01/08/25 20:55,Pond_B,6.5740807276393864,22.875397326822206,7.235002241903457,550.8573840556036,611.8684781119396,0.5025096343377475,0.14035261435622676,21.598259129594886,22.765982267585066,1009.4966613461962,1.969943484016415,0,93.84812324284393,12.524070054018436,0
01/08/25 21:00,Pond_A,6.8900936374918285,23.644116052863602,7.249951568052742,561.1024939260342,610.5279920514441,0.6371297297457243,0.071417163,17.479100844961643,16.334850260646746,1013.6503266912879,0.6150389572440595,0,98.71100816,13.474076086739876,0
01/08/25 21:05,Pond_B,6.521130155453875,22.725172665283914,7.268573496059903,548.8486885988099,507.62346201698426,0.41540203197532516,0.051019091760553484,19.59238663449177,21.524981266176574,1009.7080924171015,3.195950581962589,0,103.40654136412141,12.260583910769991,1
01/08/25 21:10,Pond_C,5.716923898272678,23.619983081618415,7.167186023,550.1921724905469,459.0449340439196,0.5626379579546412,0.088664139,21.738382417691682,22.088043739255294,1011.2333995197839,2.033060505816495,0,112.03047852205924,12.736244222069558,0
01/08/25 21:15,Pond_B,5.992376173545589,24.142187828560488,7.214740069218946,554.4883705042496,589.8108797462119,0.7438928999058285,0.16311967361913793,17.56385717943224,23.19742257838187,1010.4882127068508,2.354401704,0,107.75423733089374,12.50427686,0
01/08/25 21:20,Pond_A,6.486349746912161,22.253139632985157,7.211258064553454,554.8096746000083,483.15725799739295,0.44996686753944254,0.16765625226880435,16.62145960419194,19.239903581776883,1011.1763742179726,2.761239816459234,0,108.16867969532262,12.328898771269396,1
01/08/25 21:25,Pond_A,5.866459337151634,23.159276080802677,7.240049521629931,555.2626666114968,471.2368265133878,0.4822255029475149,0.14565427100486467,20.170762087440124,21.360237164944643,1011.3826318905531,1.183070034,0,95.73731443323575,13.026410756557487,0
01/08/25 21:30,Pond_C,6.188362198834531,23.916192102934094,7.318605714212109,552.5651587177115,534.6174451810705,0.6013907849658915,0.15625478934239986,14.563770305685987,19.261556367248957,1011.3551936152247,2.3787775192281826,0,104.01918955173923,11.468181889564873,0
01/08/25 21:35,Pond_B,6.268136721,23.59720266610402,7.350825875188066,543.6989966,480.3923983628214,0.5679581781939598,0.14580891435574794,14.570874355574073,21.549111941738083,1015.5000017353409,1.785887127280965,0,92.78036673,12.434019591731085,0
01/08/25 21:40,Pond_C,5.742355392586209,23.95647054330501,7.487867369777859,557.6222122160453,459.6942177706429,0.5850630099273559,0.08792592,23.396866414782515,19.176006596858606,1009.6854116208125,2.677416620173195,0,108.45526099885211,13.009306732529012,0
01/08/25 21:45,Pond_B,5.991488877871605,23.542145598605604,7.238474960323384,543.7628795098691,529.4165281,0.5989187130147664,0.14159612723369702,14.25602982420672,20.081287689679197,1013.6616242810416,0.29821806371880366,0,111.51219640785614,14.542141889595879,1
01/08/25 21:50,Pond_B,5.0301499664807885,23.961706907012314,7.442313140843348,551.0458531,373.2066165389026,0.613472147,0.1600204762613841,23.33156250454606,18.839102678555758,1016.6538774569167,1.9207245598069849,0,105.53363568772623,11.545707927788737,1
01/08/25 21:55,Pond_B,5.692698685291204,23.91584485578109,7.328127376088234,545.7978820356535,435.94207850256413,0.6609699841956223,0.15771456649067872,22.312956464269757,22.068722022569204,1011.4604109064599,1.5177434753728307,0,96.32589413205184,13.242983158080573,1
01/08/25 22:00,Pond_A,5.926041312434341,24.65380752818136,7.350297366336116,549.2836702068367,376.52159624709935,0.5909818656928513,0.17944566857373218,11.370966356047017,22.42155714417137,1010.8462433277572,2.3458103605073246,0,97.96272871958402,13.361753785765556,1
01/08/25 22:05,Pond_A,5.633577807,24.27428497048675,7.428512540379372,551.2817887,371.1766483599848,0.5258742345381457,0.1554151923600532,16.612176738321725,20.176125103432888,1012.3084261244593,2.3760353498945617,0,118.0651621066201,10.86404809541318,0
01/08/25 22:10,Pond_B,6.508015071182634,24.39392197956976,7.254611846483683,551.2768905652351,418.2036846753326,0.6172573701202732,0.13757241037707915,25.97054701523686,20.665075510124446,1016.5391756250822,1.4338992841423792,0,96.49289555376504,13.160447521120652,0
01/08/25 22:15,Pond_B,5.603861346594752,24.098078908366006,7.411042278975448,551.8103481839476,351.1643277790205,0.7399881934895216,0.17350751191582137,15.094172344301592,17.63718721607573,1013.582323,1.430260908659165,0,110.49994167450568,13.639336086319481,1
01/08/25 22:20,Pond_C,5.919672647325854,24.139923852786648,7.395424743183023,557.7984518780182,336.64058625437735,0.5367366253617426,0.118673937,17.677978688453063,19.883339142639663,1011.4063571161772,1.9114677051541364,0,103.38891598218521,13.35682596356597,1
01/08/25 22:25,Pond_A,6.113779563586974,24.247932072547027,7.434060963885078,552.0252284821823,347.26727996495254,0.45254706953293583,0.075906267,22.31030446625948,20.333171397976432,1014.4516299535641,1.2826862181478336,0,96.65863551540157,12.693355038660336,1
01/08/25 22:30,Pond_A,6.533801315624023,24.742657494001264,7.419824221,548.5629447333714,259.27522305951067,0.6607080669286973,0.11184665180281181,23.91695254641298,25.628634047825187,1009.6931235504908,2.6735869563617016,0,86.55350972530574,13.11961802824824,1
01/08/25 22:35,Pond_B,5.701397333856342,24.416856567194035,7.6425811745614025,554.6288433958425,219.4100696417487,0.5379618836046401,0.082754868,18.74230556977752,18.119172633131836,1015.0440785313289,1.704634239642043,0,102.11600380588507,12.965305032416458,1
01/08/25 22:40,Pond_C,6.515583929436618,24.85481148888517,7.339470306107641,555.7789476136761,192.9464691941622,0.3327330453985964,0.086241086,17.01244902654179,23.230123412547183,1014.2258219231053,0.3255905754573134,0,100.91100866606122,11.115071942012163,0
01/08/25 22:45,Pond_A,6.207777047032447,25.83081800494195,7.356384124921261,543.715251,130.6560968595117,0.6347421677150422,0.11277406646422411,27.111849308492538,22.256763308153825,1012.0765745865833,1.7001423547025551,0,118.06534671459333,13.006905108493779,0
01/08/25 22:50,Pond_B,5.9517561894863205,25.31245192284772,7.353452665192414,552.8604919241739,315.5438444572639,0.4964671814046077,0.080379004,28.694498318987897,20.788220411699175,1010.4842426046583,1.1691649433248221,0,91.39807304577502,12.455556396019757,1
01/08/25 22:55,Pond_C,6.429591857674926,24.79818804165341,7.366542273664274,553.3980628226757,141.30714144457002,0.5409466717695839,0.10460192351804799,24.894290253908977,23.710725159735773,1010.3399572331497,0.6949793476312436,0,122.94768591547785,12.12683312,1
01/08/25 23:00,Pond_C,6.3984881568372325,25.64661486930378,7.3647118803859835,548.4215945905855,169.11540945408592,0.5831980330569014,0.025319266652310726,20.42659071282512,20.90687549381931,1014.6044520090377,1.010058689421942,0,103.78810529496593,15.325640163378731,0
01/08/25 23:05,Pond_B,6.2093658639868385,24.927235540250454,7.553747145117847,556.8036641146539,150.02636748848613,0.5690499679779066,0.13066468536864695,15.958671391795368,20.91281537459688,1016.6869415074672,2.087526777466376,0,103.77829221222157,14.102287232460428,1
01/08/25 23:10,Pond_C,6.4636650271518405,24.19789263081251,7.583322042179093,549.1890745272523,162.90667457112153,0.620945182,0.12006027376811122,15.847777967217173,20.002747783056947,1011.0880767589136,3.0629126625985847,0,94.06927865567769,11.70848709746639,1
01/08/25 23:15,Pond_C,6.382826789310752,24.798968703184766,7.390651260023312,550.5799612,171.97482960751807,0.5064513629430156,0.079145568,22.61257052632879,22.533285507687204,1014.3751601106544,2.250547579091984,0,103.1470630755447,13.214269298101016,1
01/08/25 23:20,Pond_C,6.590335365708413,24.454006902611575,7.370969657423915,549.0979499311211,157.8475536727305,0.6013105798176083,0.15296228342162027,22.09199110444342,22.258917570025023,1006.7389189441938,1.5147972894274082,0,104.73050928233212,14.334618576657427,0
01/08/25 23:25,Pond_B,6.814691993970521,25.30032976536427,7.507848044,550.0509377486253,69.29215933040595,0.5240453322416083,0.16687850688132794,27.007992964732146,18.79713403008507,1011.2461468080284,2.364723356136562,0,109.37327291820877,11.389340559433473,0
01/08/25 23:30,Pond_B,7.153286059952842,25.572230436306956,7.412004289075316,544.4999035727923,73.70030170770256,0.6238810480887503,0.039622007,23.252250462680696,17.395186576991893,1012.9068232013873,1.6327277518248065,0,90.21677792408057,12.971455437312446,0
01/08/25 23:35,Pond_B,6.368955302286276,26.48838407,7.537055587979441,542.7877638824924,79.78590901119622,0.6115367484013053,0.081863761,12.48459849120091,19.615598902984463,1010.2709497490545,1.4443197046694842,0,114.06780855788038,13.027463731187327,0
01/08/25 23:40,Pond_C,7.444148736997237,25.900940936858472,7.500603095833359,557.9657854895518,36.815012214561946,0.45645612979554046,0.081542883,25.259738088614593,18.41205237872171,1010.1904808756312,1.0765098654136125,0,103.6141552377198,11.637802916951852,0
01/08/25 23:45,Pond_C,6.283395286989477,25.715364638297483,7.335294206202921,545.7621977425431,113.20360324714166,0.6585982116175032,0.073004845,15.009696863427935,19.87834234862569,1010.9966613305934,0.5985369545986245,0,106.08228895307312,13.300736939787107,1
01/08/25 23:50,Pond_A,6.888833783983419,26.327139258735365,7.648183255243778,545.0422893681439,40.967893481224024,0.4964036554885952,0.16147374209658744,18.08014364023824,22.47622423,1013.8765781849792,1.6880610347524438,0,97.79057738,14.046309860545342,0
01/08/25 23:55,Pond_B,7.176495161945372,24.894432345496057,7.6795877673095525,539.2330494319814,36.743889302491056,0.6308057798281146,0.11030869306135983,21.251001031258472,19.08539668982642,1012.4380129447809,2.1264427919361055,0,90.71857362,14.446973852881518,1